{"nodes": [{"y": 2, "x": 7, "size": 4, "id": "0", "label": "host42(bandwidth: 1Gbit/s\n)"}, {"y": 19, "x": 0, "size": 4, "id": "1", "label": "host57(bandwidth: 1Gbit/s\n)"}, {"y": 18, "x": 18, "size": 4, "id": "2", "label": "host60(bandwidth: 1Gbit/s\n)"}, {"y": 17, "x": 7, "size": 4, "id": "3", "label": "host63(bandwidth: 1Gbit/s\n)"}, {"y": 15, "x": 5, "size": 4, "id": "4", "label": "host55(bandwidth: 1Gbit/s\n)"}, {"y": 8, "x": 5, "size": 4, "id": "5", "label": "host40(bandwidth: 1Gbit/s\n)"}, {"y": 15, "x": 17, "size": 4, "id": "6", "label": "host45(bandwidth: 1Gbit/s\n)"}], "edges": [{"source": 0, "label": "L: 6.23094887382e-05 , ", "id": "01", "target": 1}, {"source": 0, "label": "L: 4.81100218468e-05 , ", "id": "02", "target": 2}, {"source": 0, "label": "L: 5.73142431052e-05 , ", "id": "03", "target": 3}, {"source": 0, "label": "L: 5.05102801048e-05 , ", "id": "04", "target": 4}, {"source": 0, "label": "L: 6.71461799195e-05 , ", "id": "05", "target": 5}, {"source": 0, "label": "L: 6.00126626718e-05 , ", "id": "06", "target": 6}, {"source": 1, "label": "L: 5.58898076552e-05 , ", "id": "12", "target": 2}, {"source": 1, "label": "L: 6.30070492287e-05 , ", "id": "13", "target": 3}, {"source": 1, "label": "L: 6.17777028208e-05 , ", "id": "14", "target": 4}, {"source": 1, "label": "L: 8.3380026148e-05 , ", "id": "15", "target": 5}, {"source": 1, "label": "L: 8.91144077501e-05 , ", "id": "16", "target": 6}, {"source": 2, "label": "L: 5.05002045258e-05 , ", "id": "23", "target": 3}, {"source": 2, "label": "L: 5.70695146637e-05 , ", "id": "24", "target": 4}, {"source": 2, "label": "L: 6.9675486422e-05 , ", "id": "25", "target": 5}, {"source": 2, "label": "L: 6.79642861269e-05 , ", "id": "26", "target": 6}, {"source": 3, "label": "L: 6.67216007846e-05 , ", "id": "34", "target": 4}, {"source": 3, "label": "L: 7.86238931721e-05 , ", "id": "35", "target": 5}, {"source": 3, "label": "L: 8.21946632649e-05 , ", "id": "36", "target": 6}, {"source": 4, "label": "L: 7.91475492357e-05 , ", "id": "45", "target": 5}, {"source": 4, "label": "L: 8.6934976984e-05 , ", "id": "46", "target": 6}, {"source": 5, "label": "L: 8.63235822215e-05 , ", "id": "56", "target": 6}]}