[{"bandwidth": "1Gbit/s\n", "name": "host42"}, {"bandwidth": "1Gbit/s\n", "name": "host57"}, {"bandwidth": "1Gbit/s\n", "name": "host60"}, {"bandwidth": "1Gbit/s\n", "name": "host61"}, {"bandwidth": "1Gbit/s\n", "name": "host63"}, {"bandwidth": "1Gbit/s\n", "name": "host55"}, {"bandwidth": "1Gbit/s\n", "name": "host40"}, {"bandwidth": "1Gbit/s\n", "name": "host74"}, {"bandwidth": "1Gbit/s\n", "name": "host71"}, {"bandwidth": "1Gbit/s\n", "name": "host73"}, {"bandwidth": "1Gbit/s\n", "name": "host72"}]
